Category,Average_Days,Late_Rate,Item_Count
casa_conforto_2,-7.790666667,0.166666667,30
moveis_colchao_e_estofado,-6.478648649,0.135135135,37
audio,-9.466353591,0.127071823,362
fashion_underwear_e_moda_praia,-10.21055118,0.125984252,127
artigos_de_natal,-11.32873333,0.12,150
livros_tecnicos,-10.60186312,0.11026616,263
casa_conforto,-9.115011655,0.102564103,429
construcao_ferramentas_iluminacao,-10.50760797,0.099667774,301
alimentos,-9.178937876,0.098196393,499
eletronicos,-10.43454379,0.097471601,2729
,-10.72523097,0.093689005,1537
beleza_saude,-11.26876413,0.090419351,9467
moveis_escritorio,-11.15334532,0.089328537,1668
bebes,-10.94640845,0.087525151,2982
instrumentos_musicais,-10.7871275,0.086021505,651
moveis_decoracao,-11.71201961,0.084313725,8160
cama_mesa_banho,-10.95814754,0.083995252,10953
artes_e_artesanato,-6.091666667,0.083333333,24
telefonia,-10.68619413,0.083295711,4430
automotivo,-10.7356632,0.082870259,4139
relogios_presentes,-11.21338057,0.082636162,5857
casa_construcao,-10.85713087,0.082214765,596
construcao_ferramentas_construcao,-10.90590611,0.080786026,916
papelaria,-11.33469992,0.080291971,2466
ferramentas_jardim,-11.28073102,0.079194002,4268
musica,-13.61552632,0.078947368,38
moveis_sala,-11.12458586,0.078787879,495
consoles_games,-10.9737741,0.07805326,1089
informatica_acessorios,-11.72632867,0.077718173,7643
moveis_quarto,-12.83757282,0.077669903,103
artes,-12.0906599,0.076142132,197
industria_comercio_e_negocios,-11.83253788,0.075757576,264
brinquedos,-11.39762779,0.074193548,4030
esporte_lazer,-11.31010912,0.074131183,8431
perfumaria,-11.73501795,0.073309396,3342
construcao_ferramentas_jardim,-12.86422414,0.073275862,232
tablets_impressao_imagem,-12.10518072,0.072289157,83
portateis_cozinha_e_preparadores_de_alimentos,-8.767142857,0.071428571,14
cine_foto,-10.62928571,0.071428571,70
eletrodomesticos_2,-11.79307359,0.069264069,231
fashion_esporte,-11.69517241,0.068965517,29
portateis_casa_forno_e_cafe,-10.89041096,0.068493151,73
eletrodomesticos,-11.93997347,0.067639257,754
cool_stuff,-11.80355568,0.067509414,3718
fashion_roupa_feminina,-10.63422222,0.066666667,45
dvds_blu_ray,-12.64278689,0.06557377,61
pcs,-10.86075377,0.065326633,199
livros_interesse_geral,-11.45078358,0.065298507,536
utilidades_domesticas,-11.61077116,0.064753495,6795
alimentos_bebidas,-10.89947955,0.063197026,269
fashion_bolsas_e_acessorios,-12.64854985,0.062437059,1986
pet_shop,-11.83704782,0.061330561,1924
eletroportateis,-13.19486322,0.059270517,658
fashion_calcados,-14.15607004,0.058365759,257
construcao_ferramentas_ferramentas,-11.54796117,0.058252427,103
fashion_roupa_masculina,-12.0048,0.056,125
sinalizacao_e_seguranca,-12.07294416,0.055837563,197
bebidas,-10.81110803,0.055401662,361
construcao_ferramentas_seguranca,-11.68322404,0.054644809,183
malas_acessorios,-11.92617456,0.053853296,1077
artigos_de_festas,-14.3397619,0.047619048,42
moveis_cozinha_area_de_servico_jantar_e_jardim,-11.71875912,0.04379562,274
agro_industria_e_comercio,-10.76334951,0.04368932,206
telefonia_fixa,-14.05313725,0.043137255,255
market_place,-13.94718033,0.042622951,305
climatizacao,-13.46889273,0.038062284,289
livros_importados,-10.43,0.035087719,57
flores,-11.65969697,0.03030303,33
fraldas_higiene,-10.66027027,0.027027027,37
seguros_e_servicos,-16.28,0,2
product_category_name,,0,1
pc_gamer,-8.9625,0,8
la_cuisine,-15.68214286,0,14
fashion_roupa_infanto_juvenil,-14.99428571,0,7
cds_dvds_musicais,-16.09785714,0,14